[
    {
        "uname": "wasay123",
        "date": "2021-07-11",
        "time": "23:56:57",
        "lat": "37.600826",
        "long": "126.864598",
        "altituide": "41.68063974109031",
        "velocity": "0.0000000",
        "ax": "-0.1",
        "ay": "-0.0",
        "az": "9.8",
        "gx": "0.0",
        "gy": "0.0",
        "gz": "-0.0"
    },
    {
        "uname": "wasay123",
        "date": "2021-07-11",
        "time": "23:56:58",
        "lat": "37.600777",
        "long": "126.864703",
        "altituide": "41.68063974109031",
        "velocity": "0.0000000",
        "ax": "-0.1",
        "ay": "-0.1",
        "az": "9.8",
        "gx": "-0.0",
        "gy": "-0.0",
        "gz": "0.0"
    },
    {
        "uname": "wasay123",
        "date": "2021-07-11",
        "time": "23:56:59",
        "lat": "37.600737",
        "long": "126.864816",
        "altituide": "41.68063974109031",
        "velocity": "0.0000000",
        "ax": "-0.1",
        "ay": "-0.0",
        "az": "9.8",
        "gx": "0.0",
        "gy": "-0.0",
        "gz": "-0.0"
    },
    {
        "uname": "wasay123",
        "date": "2021-07-11",
        "time": "23:57:00",
        "lat": "37.600701",
        "long": "126.864947",
        "altituide": "41.68063974109031",
        "velocity": "0.0000000",
        "ax": "-0.1",
        "ay": "-0.0",
        "az": "9.8",
        "gx": "0.0",
        "gy": "0.0",
        "gz": "0.0"
    },
    {
        "uname": "wasay123",
        "date": "2021-07-11",
        "time": "23:57:01",
        "lat": "37.600667",
        "long": "126.865070",
        "altituide": "41.68063974109031",
        "velocity": "0.0000000",
        "ax": "-0.1",
        "ay": "-0.0",
        "az": "9.8",
        "gx": "-0.0",
        "gy": "-0.0",
        "gz": "0.0"
    },
    {
        "uname": "farman123",
        "date": "2021-07-11",
        "time": "23:57:40",
        "lat": "37.601438",
        "long": "126.864933",
        "altituide": "41.46265634944433",
        "velocity": "0.0457886",
        "ax": "-0.1",
        "ay": "-0.0",
        "az": "9.8",
        "gx": "0.0",
        "gy": "-0.0",
        "gz": "0.0"
    },
    {
        "uname": "farman123",
        "date": "2021-07-11",
        "time": "23:57:40",
        "lat": "37.601425",
        "long": "126.865003",
        "altituide": "41.46265634944433",
        "velocity": "0.0457886",
        "ax": "-0.1",
        "ay": "-0.0",
        "az": "9.8",
        "gx": "0.0",
        "gy": "-0.0",
        "gz": "0.0"
    },
    {
        "uname": "farman123",
        "date": "2021-07-11",
        "time": "23:57:40",
        "lat": "37.601393",
        "long": "126.865113",
        "altituide": "41.46265634944433",
        "velocity": "0.0457886",
        "ax": "-0.1",
        "ay": "-0.0",
        "az": "9.8",
        "gx": "0.0",
        "gy": "-0.0",
        "gz": "0.0"
    },
    {
        "uname": "bacha123",
        "date": "2021-07-11",
        "time": "23:57:40",
        "lat": "37.600866",
        "long": "126.865649",
        "altituide": "41.46265634944433",
        "velocity": "0.0457886",
        "ax": "-0.1",
        "ay": "-0.0",
        "az": "9.8",
        "gx": "0.0",
        "gy": "-0.0",
        "gz": "0.0"
    },
    {
        "uname": "bacha123",
        "date": "2021-07-11",
        "time": "23:57:40",
        "lat": "37.601042",
        "long": "126.865738",
        "altituide": "41.46265634944433",
        "velocity": "0.0457886",
        "ax": "-0.1",
        "ay": "-0.0",
        "az": "9.8",
        "gx": "0.0",
        "gy": "-0.0",
        "gz": "0.0"
    },
    {
        "uname": "junaid45",
        "date": "2021-07-11",
        "time": "23:57:40",
        "lat": "37.595860",
        "long": "126.882873",
        "altituide": "41.46265634944433",
        "velocity": "0.0457886",
        "ax": "-0.1",
        "ay": "-0.0",
        "az": "9.8",
        "gx": "0.0",
        "gy": "-0.0",
        "gz": "0.0"
    },
    {
        "uname": "junaid45",
        "date": "2021-07-11",
        "time": "23:57:40",
        "lat": "37.595862",
        "long": "126.882873",
        "altituide": "41.46265634944433",
        "velocity": "0.0457886",
        "ax": "-0.1",
        "ay": "-0.0",
        "az": "9.8",
        "gx": "0.0",
        "gy": "-0.0",
        "gz": "0.0"
    },
    {
        "uname": "jamshaid12",
        "date": "2021-07-11",
        "time": "23:57:40",
        "lat": "37.595860",
        "long": "126.882873",
        "altituide": "41.46265634944433",
        "velocity": "0.0457886",
        "ax": "-0.1",
        "ay": "-0.0",
        "az": "9.8",
        "gx": "0.0",
        "gy": "-0.0",
        "gz": "0.0"
    },
    {
        "uname": "jamshaid12",
        "date": "2021-07-11",
        "time": "23:57:40",
        "lat": "37.595860",
        "long": "126.882873",
        "altituide": "41.46265634944433",
        "velocity": "0.0457886",
        "ax": "-0.1",
        "ay": "-0.0",
        "az": "9.8",
        "gx": "0.0",
        "gy": "-0.0",
        "gz": "0.0"
    },
    {
        "uname": "junaid45",
        "date": "2021-07-11",
        "time": "23:57:40",
        "lat": "37.600866",
        "long": "126.865649",
        "altituide": "41.46265634944433",
        "velocity": "0.0457886",
        "ax": "-0.1",
        "ay": "-0.0",
        "az": "9.8",
        "gx": "0.0",
        "gy": "-0.0",
        "gz": "0.0"
    }
    
]