[
    {
        "uname": "TTrTriali",
        "date": "2021-07-08T00:00:00.000Z",
        "time": "07:45:43",
        "patient_beacon": "511689569823659363",
        "hospital_uid": "0",
        "status": "Normal"
    },
    {
        "uname": "rafael",
        "date": "2021-07-08T00:00:00.000Z",
        "time": "08:19:26",
        "patient_beacon": "33343065356430302d646663352d313165622d393233342d3166636564613031",
        "hospital_uid": "0",
        "status": "Normal"
    },
    {
        "uname": "alex123",
        "date": "2021-07-08T00:00:00.000Z",
        "time": "08:28:58",
        "patient_beacon": "38386436306336302d646663362d313165622d393233342d3835316239356138",
        "hospital_uid": "0",
        "status": "Normal"
    },
    {
        "uname": "farman123",
        "date": "2021-07-09T00:00:00.000Z",
        "time": "15:13:20",
        "patient_beacon": "33313736346535302d653063382d313165622d393233342d3262316336646232",
        "hospital_uid": "0",
        "status": "Normal"
    },
    {
        "uname": "farman123",
        "date": "2021-07-11T00:00:00.000Z",
        "time": "01:09:06",
        "patient_beacon": "33313736346535302d653063382d313165622d393233342d3262316336646232",
        "hospital_uid": "ali",
        "status": "Infected"
    },
    {
        "uname": "wasay123",
        "date": "2021-07-11T00:00:00.000Z",
        "time": "09:11:33",
        "patient_beacon": "66626334396232302d653232372d3131",
        "hospital_uid": "0",
        "status": "Normal"
    },
    {
        "uname": "harry12",
        "date": "2021-07-11T00:00:00.000Z",
        "time": "09:13:36",
        "patient_beacon": "34366562376636302d653232382d3131",
        "hospital_uid": "0",
        "status": "Normal"
    },
    {
        "uname": "wasay123",
        "date": "2021-07-11T00:00:00.000Z",
        "time": "18:33:19",
        "patient_beacon": "66626334396232302d653232372d3131",
        "hospital_uid": "ali",
        "status": "Infected"
    },
    {
        "uname": "wasay123",
        "date": "2021-07-11T00:00:00.000Z",
        "time": "19:50:52",
        "patient_beacon": "66626334396232302d653232372d3131",
        "hospital_uid": "ali",
        "status": "Normal"
    },
    {
        "uname": "wasay123",
        "date": "2021-07-11T00:00:00.000Z",
        "time": "21:59:17",
        "patient_beacon": "66626334396232302d653232372d3131",
        "hospital_uid": "ali",
        "status": "Infected"
    },
    {
        "uname": "wasay123",
        "date": "2021-07-11T00:00:00.000Z",
        "time": "22:03:10",
        "patient_beacon": "66626334396232302d653232372d3131",
        "hospital_uid": "ali",
        "status": "Normal"
    },
    {
        "uname": "wasay123",
        "date": "2021-07-11T00:00:00.000Z",
        "time": "22:03:41",
        "patient_beacon": "66626334396232302d653232372d3131",
        "hospital_uid": "ali",
        "status": "Infected"
    },
    {
        "uname": "wasay123",
        "date": "2021-07-11T00:00:00.000Z",
        "time": "22:14:49",
        "patient_beacon": "66626334396232302d653232372d3131",
        "hospital_uid": "ali",
        "status": "Normal"
    },
    {
        "uname": "wasay123",
        "date": "2021-07-11T00:00:00.000Z",
        "time": "22:17:11",
        "patient_beacon": "66626334396232302d653232372d3131",
        "hospital_uid": "ali",
        "status": "Infected"
    },
    {
        "uname": "harry12",
        "date": "2021-07-11T00:00:00.000Z",
        "time": "22:40:44",
        "patient_beacon": "34366562376636302d653232382d3131",
        "hospital_uid": "ali",
        "status": "Infected"
    },
    {
        "uname": "harry12",
        "date": "2021-07-11T00:00:00.000Z",
        "time": "22:41:01",
        "patient_beacon": "34366562376636302d653232382d3131",
        "hospital_uid": "ali",
        "status": "Normal"
    },
    {
        "uname": "jamshaid12",
        "date": "2021-07-11T00:00:00.000Z",
        "time": "13:41:46",
        "patient_beacon": "62636364366137302d653234642d3131",
        "hospital_uid": "0",
        "status": "Normal"
    },
    {
        "uname": "harry12",
        "date": "2021-07-11T00:00:00.000Z",
        "time": "22:44:24",
        "patient_beacon": "34366562376636302d653232382d3131",
        "hospital_uid": "ali",
        "status": "Infected"
    },
    {
        "uname": "harry12",
        "date": "2021-07-11T00:00:00.000Z",
        "time": "22:45:06",
        "patient_beacon": "34366562376636302d653232382d3131",
        "hospital_uid": "ali",
        "status": "Normal"
    },
    {
        "uname": "harry12",
        "date": "2021-07-11T00:00:00.000Z",
        "time": "22:46:34",
        "patient_beacon": "34366562376636302d653232382d3131",
        "hospital_uid": "ali",
        "status": "Infected"
    },
    {
        "uname": "harry12",
        "date": "2021-07-11T00:00:00.000Z",
        "time": "22:46:40",
        "patient_beacon": "34366562376636302d653232382d3131",
        "hospital_uid": "ali",
        "status": "Normal"
    },
    {
        "uname": "wasay123",
        "date": "2021-07-11T00:00:00.000Z",
        "time": "22:46:54",
        "patient_beacon": "66626334396232302d653232372d3131",
        "hospital_uid": "ali",
        "status": "Normal"
    },
    {
        "uname": "jamshaid12",
        "date": "2021-07-11T00:00:00.000Z",
        "time": "22:47:29",
        "patient_beacon": "62636364366137302d653234642d3131",
        "hospital_uid": "ali",
        "status": "Infected"
    },
    {
        "uname": "jamshaid12",
        "date": "2021-07-11T00:00:00.000Z",
        "time": "22:47:30",
        "patient_beacon": "62636364366137302d653234642d3131",
        "hospital_uid": "ali",
        "status": "Normal"
    },
    {
        "uname": "wasay123",
        "date": "2021-07-11T00:00:00.000Z",
        "time": "22:48:32",
        "patient_beacon": "66626334396232302d653232372d3131",
        "hospital_uid": "ali",
        "status": "Infected"
    },
    {
        "uname": "jamshaid12",
        "date": "2021-07-11T00:00:00.000Z",
        "time": "22:48:48",
        "patient_beacon": "62636364366137302d653234642d3131",
        "hospital_uid": "ali",
        "status": "Infected"
    },
    {
        "uname": "jamshaid12",
        "date": "2021-07-11T00:00:00.000Z",
        "time": "22:49:09",
        "patient_beacon": "62636364366137302d653234642d3131",
        "hospital_uid": "ali",
        "status": "Normal"
    },
    {
        "uname": "wasay123",
        "date": "2021-07-11T00:00:00.000Z",
        "time": "22:53:18",
        "patient_beacon": "66626334396232302d653232372d3131",
        "hospital_uid": "ali",
        "status": "Normal"
    },
    {
        "uname": "wasay123",
        "date": "2021-07-12T00:00:00.000Z",
        "time": "20:26:53",
        "patient_beacon": "66626334396232302d653232372d3131",
        "hospital_uid": "ali",
        "status": "Infected"
    },
    {
        "uname": "wasay123",
        "date": "2021-07-12T00:00:00.000Z",
        "time": "20:30:00",
        "patient_beacon": "66626334396232302d653232372d3131",
        "hospital_uid": "ali",
        "status": "Normal"
    },
    {
        "uname": "wasay123",
        "date": "2021-07-12T00:00:00.000Z",
        "time": "20:30:02",
        "patient_beacon": "66626334396232302d653232372d3131",
        "hospital_uid": "ali",
        "status": "Infected"
    },
    {
        "uname": "wasay123",
        "date": "2021-07-12T00:00:00.000Z",
        "time": "23:51:01",
        "patient_beacon": "66626334396232302d653232372d3131",
        "hospital_uid": "ali",
        "status": "Normal"
    },
    {
        "uname": "jamshaid12",
        "date": "2021-07-12T00:00:00.000Z",
        "time": "23:58:24",
        "patient_beacon": "62636364366137302d653234642d3131",
        "hospital_uid": "ali",
        "status": "Infected"
    },
    {
        "uname": "jamshaid12",
        "date": "2021-07-13T00:00:00.000Z",
        "time": "00:00:31",
        "patient_beacon": "62636364366137302d653234642d3131",
        "hospital_uid": "ali",
        "status": "Normal"
    },
    {
        "uname": "wasay123",
        "date": "2021-07-13T00:00:00.000Z",
        "time": "02:04:39",
        "patient_beacon": "66626334396232302d653232372d3131",
        "hospital_uid": "ali",
        "status": "Infected"
    },
    {
        "uname": "wasay123",
        "date": "2021-07-13T00:00:00.000Z",
        "time": "02:04:42",
        "patient_beacon": "66626334396232302d653232372d3131",
        "hospital_uid": "ali",
        "status": "Normal"
    },
    {
        "uname": "wasay123",
        "date": "2021-07-13T00:00:00.000Z",
        "time": "02:04:45",
        "patient_beacon": "66626334396232302d653232372d3131",
        "hospital_uid": "ali",
        "status": "Infected"
    },
    {
        "uname": "JamshaidBacha",
        "date": "2021-07-13T00:00:00.000Z",
        "time": "08:36:12",
        "patient_beacon": "36306433656661302d653362352d3131",
        "hospital_uid": "0",
        "status": "Normal"
    },
    {
        "uname": "abdul",
        "date": "2021-07-13T00:00:00.000Z",
        "time": "13:32:03",
        "patient_beacon": "62346562333339302d653364652d3131",
        "hospital_uid": "0",
        "status": "Normal"
    },
    {
        "uname": "furqan",
        "date": "2021-07-13T00:00:00.000Z",
        "time": "16:36:22",
        "patient_beacon": "3689643365666aa02d653362752d3131",
        "hospital_uid": "0",
        "status": "Normal"
    },
    {
        "uname": "wasay123",
        "date": "2021-07-15T00:00:00.000Z",
        "time": "15:49:54",
        "patient_beacon": "66626334396232302d653232372d3131",
        "hospital_uid": "ali",
        "status": "Normal"
    },
    {
        "uname": "wasay123",
        "date": "2021-07-15T00:00:00.000Z",
        "time": "15:52:28",
        "patient_beacon": "66626334396232302d653232372d3131",
        "hospital_uid": "ali",
        "status": "Infected"
    },
    {
        "uname": "wasay123",
        "date": "2021-07-15T00:00:00.000Z",
        "time": "15:52:28",
        "patient_beacon": "66626334396232302d653232372d3131",
        "hospital_uid": "ali",
        "status": "Infected"
    },
    {
        "uname": "Priyanka12",
        "date": "2021-07-17T00:00:00.000Z",
        "time": "13:45:39",
        "patient_beacon": "34353135373932302d653730352d3131",
        "hospital_uid": "0",
        "status": "Normal"
    },
    {
        "uname": "bacha123",
        "date": "2021-07-17T00:00:00.000Z",
        "time": "13:45:39",
        "patient_beacon": "34353135373932302d653730352d3131",
        "hospital_uid": "0",
        "status": "Normal"
    }
]