[{
        "uname": "wasay123",
        "date": "2022-2-8",
        "time": "23:56:01",
        "lat": "37.601043",
        "long": "126.864602",
        "age": 25,
        "altituide": "41.68063974109031",
        "velocity": "0.0000000",
        "ax": "-0.1",
        "ay": "-0.0",
        "az": "9.8",
        "gx": "0.0",
        "gy": "0.0",
        "gz": "-0.0"

    },
    {
        "uname": "wasay123",
        "date": "2022-2-15",
        "time": "23:56:02",
        "lat": "37.601031",
        "long": "126.864539",
        "age": 25,
        "altituide": "41.68063974109031",
        "velocity": "0.0000000",
        "ax": "-0.1",
        "ay": "-0.0",
        "az": "9.8",
        "gx": "0.0",
        "gy": "0.0",
        "gz": "-0.0"
    },
    {
        "uname": "babar",
        "date": "2022-2-20",
        "time": "23:57:03",
        "lat": "37.603592",
        "long": "126.860054",
        "age": 51,
        "altituide": "41.46265634944433",
        "velocity": "0.0457886",
        "ax": "-0.1",
        "ay": "-0.0",
        "az": "9.8",
        "gx": "0.0",
        "gy": "-0.0",
        "gz": "0.0"
    },
    {
        "uname": "khan",
        "date": "2022-2-23",
        "time": "23:57:04",
        "lat": "37.599007",
        "long": "126.879627",
        "age": 61,
        "altituide": "41.46265634944433",
        "velocity": "0.0457886",
        "ax": "-0.1",
        "ay": "-0.0",
        "az": "9.8",
        "gx": "0.0",
        "gy": "-0.0",
        "gz": "0.0"
    },
    {
        "uname": "bacha123",
        "date": "2022-2-21",
        "time": "23:57:05",
        "lat": "37.601037",
        "long": "126.864609",
        "age": 25,
        "altituide": "41.46265634944433",
        "velocity": "0.0457886",
        "ax": "-0.1",
        "ay": "-0.0",
        "az": "9.8",
        "gx": "0.0",
        "gy": "-0.0",
        "gz": "0.0"
    },
    {
        "uname": "bacha123",
        "date": "2022-2-21",
        "time": "23:58:21",
        "lat": "37.601037",
        "long": "126.864609",
        "age": 25,
        "altituide": "41.46265634944433",
        "velocity": "0.0457886",
        "ax": "-0.1",
        "ay": "-0.0",
        "az": "9.8",
        "gx": "0.0",
        "gy": "-0.0",
        "gz": "0.0"
    },
    {
        "uname": "rashid",
        "date": "2022-2-14",
        "time": "23:57:06",
        "lat": "37.601045",
        "long": "126.864604",
        "age": 60,
        "altituide": "41.46265634944433",
        "velocity": "0.0457886",
        "ax": "-0.1",
        "ay": "-0.0",
        "az": "9.8",
        "gx": "0.0",
        "gy": "-0.0",
        "gz": "0.0"
    },
    {
        "uname": "hina",
        "date": "2022-2-14",
        "time": "23:57:07",
        "lat": "37.601025",
        "long": "126.864636",
        "age": 45,
        "altituide": "41.46265634944433",
        "velocity": "0.0457886",
        "ax": "-0.1",
        "ay": "-0.0",
        "az": "9.8",
        "gx": "0.0",
        "gy": "-0.0",
        "gz": "0.0"
    },
    {
        "uname": "roqsar",
        "date": "2022-2-12",
        "time": "23:57:08",
        "lat": "37.601010",
        "long": "126.864662",
        "age": 19,
        "altituide": "41.46265634944433",
        "velocity": "0.0457886",
        "ax": "-0.1",
        "ay": "-0.0",
        "az": "9.8",
        "gx": "0.0",
        "gy": "-0.0",
        "gz": "0.0"
    },
    {
        "uname": "kamran",
        "date": "2022-2-13",
        "time": "23:57:09",
        "lat": "37.601047",
        "long": "126.864641",
        "age": 38,
        "altituide": "4.46265634944433",
        "velocity": "0.0457886",
        "ax": "-0.1",
        "ay": "-0.0",
        "az": "9.8",
        "gx": "0.0",
        "gy": "-0.0",
        "gz": "0.0"
    },
    {
        "uname": "islam",
        "date": "2022-2-18",
        "time": "23:57:10",
        "lat": "37.599000",
        "long": "126.879630",
        "age": 75,
        "altituide": "4.46265634944433",
        "velocity": "0.0457886",
        "ax": "-0.1",
        "ay": "-0.0",
        "az": "9.8",
        "gx": "0.0",
        "gy": "-0.0",
        "gz": "0.0"
    },
    {
        "uname": "Aman",
        "date": "2022-2-20",
        "time": "23:57:11",
        "lat": "37.603584",
        "long": "126.860082",
        "age": 86,
        "altituide": "41.46265634944433",
        "velocity": "0.0457886",
        "ax": "-0.1",
        "ay": "-0.0",
        "az": "9.8",
        "gx": "0.0",
        "gy": "-0.0",
        "gz": "0.0"
    },
    {
        "uname": "waqas",
        "date": "2022-2-20",
        "time": "23:57:1",
        "lat": "37.603594",
        "long": "126.860036",
        "age": 35,
        "altituide": "41.46265634944433",
        "velocity": "0.0457886",
        "ax": "-0.1",
        "ay": "-0.0",
        "az": "9.8",
        "gx": "0.0",
        "gy": "-0.0",
        "gz": "0.0"
    }
]